sara|stojkov0|3|Sara|Stojkov
marko|marko04|3|Marko|Stojkov
pera|perivoje5|2|Petar|Pekilica
rade|radivoje0|2|Rade|Nedovic
lazar|lazarus0|2|Lazar|Lazarevic
milica|micika0|2|Milica|Jovanovic
milaa|cveticc22|1|Milana|Jovanovic
ljubica|ljubicica05|1|Ljubinka|Jovanovic
nikolica|nikolic66|1|Nikola|Nikolic
milena2|stojanovic6|1|Milena|Stojanovic
ivana|bobikralj9|1|Ivana|Jevremov
pekica|Petar666|1|Peki|Pepic
lukaa|lukica55|1|Luka|Lukic
milan|milance0|1|Milan|Milanovic
lara|lalala0|1|Lara|Lalic
isidora|lozinka123|1|Isidora|Milenkovic
